{
  "recall@k": 0.1357370095440085,
  "ndcg@k": 0.07180843334458992
}